{"faces_mean": [-0.025829819962382317, -0.022021684795618057, -0.020416421815752983], "faces_std": [0.9912844896316528, 0.9922241568565369, 0.9933313131332397], "hubble_mean": [0.24119672179222107, 0.19881127774715424, 0.19402649998664856], "hubble_std": [0.2448999285697937, 0.21586428582668304, 0.21901872754096985]}